Episode,TotalReward,Epsilon
1,-7349457.699999979,0.99
2,-7361028.099999992,0.9801
3,-7409204.119999958,0.9702989999999999
4,-7339436.059999971,0.96059601
