Episode,TotalReward,Epsilon
1,-7393399.499999992,0.95
2,-7447700.920000004,0.9025
